ticker,index
A2A.MI,FTSE MIB
AMP.MI,FTSE MIB
AZM.MI,FTSE MIB
BAMI.MI,FTSE MIB
BMED.MI,FTSE MIB
BMPS.MI,FTSE MIB
BPE.MI,FTSE MIB
BZU.MI,FTSE MIB
CPR.MI,FTSE MIB
DIA.MI,FTSE MIB
ENEL.MI,FTSE MIB
ENI.MI,FTSE MIB
ERG.MI,FTSE MIB
RACE.MI,FTSE MIB
FBK.MI,FTSE MIB
G.MI,FTSE MIB
HER.MI,FTSE MIB
IP.MI,FTSE MIB
ISP.MI,FTSE MIB
INW.MI,FTSE MIB
IG.MI,FTSE MIB
IVG.MI,FTSE MIB
LDO.MI,FTSE MIB
MB.MI,FTSE MIB
MONC.MI,FTSE MIB
NEXI.MI,FTSE MIB
PIRC.MI,FTSE MIB
PST.MI,FTSE MIB
PRY.MI,FTSE MIB
REC.MI,FTSE MIB
SPM.MI,FTSE MIB
SRG.MI,FTSE MIB
STLAM.MI,FTSE MIB
STMMI.MI,FTSE MIB
TIT.MI,FTSE MIB
TEN.MI,FTSE MIB
TRN.MI,FTSE MIB
UCG.MI,FTSE MIB
UNI.MI,FTSE MIB
BGN.MI,FTSE MIB
AVIO.MI,FTSE MIB
ADS.DE,DAX
AIR.DE,DAX
ALV.DE,DAX
BAS.DE,DAX
BAYN.DE,DAX
BEI.DE,DAX
BMW.DE,DAX
BNR.DE,DAX
CBK.DE,DAX
CON.DE,DAX
DTG.DE,DAX
DBK.DE,DAX
DB1.DE,DAX
DHL.DE,DAX
DTE.DE,DAX
EOAN.DE,DAX
FRE.DE,DAX
HNR1.DE,DAX
HEI.DE,DAX
HEN3.DE,DAX
IFX.DE,DAX
MBG.DE,DAX
MRK.DE,DAX
MTX.DE,DAX
MUV2.DE,DAX
P911.DE,DAX
PAH3.DE,DAX
QIA.DE,DAX
RHM.DE,DAX
RWE.DE,DAX
SAP.DE,DAX
SRT3.DE,DAX
SIE.DE,DAX
ENR.DE,DAX
SHL.DE,DAX
SY1.DE,DAX
VNA.DE,DAX
VOW3.DE,DAX
ZAL.DE,DAX
G1A.DE,DAX
AC.PA,CAC 40
AI.PA,CAC 40
CS.PA,CAC 40
BNP.PA,CAC 40
EN.PA,CAC 40
CAP.PA,CAC 40
CA.PA,CAC 40
ACA.PA,CAC 40
BN.PA,CAC 40
DSY.PA,CAC 40
EDEN.PA,CAC 40
ENGI.PA,CAC 40
EL.PA,CAC 40
ERF.PA,CAC 40
RMS.PA,CAC 40
KER.PA,CAC 40
OR.PA,CAC 40
LR.PA,CAC 40
MC.PA,CAC 40
ML.PA,CAC 40
ORA.PA,CAC 40
RI.PA,CAC 40
PUB.PA,CAC 40
RNO.PA,CAC 40
SAF.PA,CAC 40
SGO.PA,CAC 40
SAN.PA,CAC 40
SU.PA,CAC 40
GLE.PA,CAC 40
TEP.PA,CAC 40
HO.PA,CAC 40
TTE.PA,CAC 40
VIE.PA,CAC 40
DG.PA,CAC 40
VIV.PA,CAC 40
BVI.PA,CAC 40
AMUN.PA,CAC 40
SW.PA,CAC 40
ADYEN.AS,AEX
AD.AS,AEX
AKZA.AS,AEX
MT.AS,AEX
ASM.AS,AEX
ASML.AS,AEX
ASRNL.AS,AEX
BESI.AS,AEX
DSFIR.AS,AEX
EXO.AS,AEX
HEIA.AS,AEX
IMCD.AS,AEX
INGA.AS,AEX
KPN.AS,AEX
NN.AS,AEX
PHIA.AS,AEX
PRX.AS,AEX
RAND.AS,AEX
REN.AS,AEX
SHELL.AS,AEX
UNA.AS,AEX
WKL.AS,AEX
ABN.AS,AEX
UMG.AS,AEX
AGN.AS,AEX
INPST.AS,AEX
ANA.MC,IBEX 35
ACX.MC,IBEX 35
ACS.MC,IBEX 35
AENA.MC,IBEX 35
AMS.MC,IBEX 35
BBVA.MC,IBEX 35
SAB.MC,IBEX 35
SAN.MC,IBEX 35
BKT.MC,IBEX 35
CABK.MC,IBEX 35
CLNX.MC,IBEX 35
ENG.MC,IBEX 35
ELE.MC,IBEX 35
FER.MC,IBEX 35
GRF.MC,IBEX 35
IAG.MC,IBEX 35
IBE.MC,IBEX 35
ITX.MC,IBEX 35
IDR.MC,IBEX 35
MAP.MC,IBEX 35
MRL.MC,IBEX 35
NTGY.MC,IBEX 35
RED.MC,IBEX 35
REP.MC,IBEX 35
ROVI.MC,IBEX 35
SCYR.MC,IBEX 35
TEF.MC,IBEX 35
UNI.MC,IBEX 35
LOG.MC,IBEX 35
PUIG.MC,IBEX 35
COL.MC,IBEX 35
FDR.MC,IBEX 35
MEL.MC,IBEX 35
SLR.MC,IBEX 35
ANE.MC,IBEX 35
ABBN.SW,SMI
ALC.SW,SMI
GEBN.SW,SMI
GIVN.SW,SMI
HOLN.SW,SMI
KNIN.SW,SMI
LOGN.SW,SMI
LONN.SW,SMI
NESN.SW,SMI
NOVN.SW,SMI
PGHN.SW,SMI
CFR.SW,SMI
ROG.SW,SMI
SIKA.SW,SMI
SOON.SW,SMI
SLHN.SW,SMI
SREN.SW,SMI
SCMN.SW,SMI
UBSG.SW,SMI
ZURN.SW,SMI
SGSN.SW,SMI
STMN.SW,SMI
SCHP.SW,SMI
VACN.SW,SMI
BAER.SW,SMI
SDZ.SW,SMI
EMSN.SW,SMI
PSPN.SW,SMI
BALN.SW,SMI
LISN.SW,SMI
AAL.L,FTSE 100
ABF.L,FTSE 100
ADM.L,FTSE 100
AHT.L,FTSE 100
ANTO.L,FTSE 100
AUTO.L,FTSE 100
AV.L,FTSE 100
AZN.L,FTSE 100
BA.L,FTSE 100
BARC.L,FTSE 100
BATS.L,FTSE 100
BDEV.L,FTSE 100
BEZ.L,FTSE 100
BKG.L,FTSE 100
BNZL.L,FTSE 100
BP.L,FTSE 100
BRBY.L,FTSE 100
BT-A.L,FTSE 100
CCH.L,FTSE 100
CNA.L,FTSE 100
CPG.L,FTSE 100
CRDA.L,FTSE 100
DCC.L,FTSE 100
DGE.L,FTSE 100
EDV.L,FTSE 100
ENT.L,FTSE 100
EXPN.L,FTSE 100
FRES.L,FTSE 100
GLEN.L,FTSE 100
GSK.L,FTSE 100
HLMA.L,FTSE 100
HLN.L,FTSE 100
HSBA.L,FTSE 100
HWDN.L,FTSE 100
IAG.L,FTSE 100
ICG.L,FTSE 100
IHG.L,FTSE 100
III.L,FTSE 100
IMB.L,FTSE 100
INF.L,FTSE 100
ITRK.L,FTSE 100
JD.L,FTSE 100
KGF.L,FTSE 100
LAND.L,FTSE 100
LGEN.L,FTSE 100
LLOY.L,FTSE 100
LSEG.L,FTSE 100
MKS.L,FTSE 100
MNDI.L,FTSE 100
MNG.L,FTSE 100
NG.L,FTSE 100
NWG.L,FTSE 100
NXT.L,FTSE 100
PHNX.L,FTSE 100
PRU.L,FTSE 100
PSH.L,FTSE 100
PSN.L,FTSE 100
PSON.L,FTSE 100
REL.L,FTSE 100
RIO.L,FTSE 100
RKT.L,FTSE 100
RMV.L,FTSE 100
RR.L,FTSE 100
RTO.L,FTSE 100
SBRY.L,FTSE 100
SDR.L,FTSE 100
SGE.L,FTSE 100
SGRO.L,FTSE 100
SHEL.L,FTSE 100
SMIN.L,FTSE 100
SN.L,FTSE 100
SPX.L,FTSE 100
SSE.L,FTSE 100
STAN.L,FTSE 100
SVT.L,FTSE 100
TSCO.L,FTSE 100
TW.L,FTSE 100
ULVR.L,FTSE 100
UTG.L,FTSE 100
UU.L,FTSE 100
VOD.L,FTSE 100
WEIR.L,FTSE 100
WPP.L,FTSE 100
WTB.L,FTSE 100
BAB.L,FTSE 100
HIK.L,FTSE 100
IMI.L,FTSE 100
SMT.L,FTSE 100
STJ.L,FTSE 100
BME.L,FTSE 100
CTEC.L,FTSE 100
DPLM.L,FTSE 100
GAW.L,FTSE 100
LMP.L,FTSE 100
BTRW.L,FTSE 100
NOVO-B.CO,OMX Copenhagen 25
DSV.CO,OMX Copenhagen 25
NSIS-B.CO,OMX Copenhagen 25
MAERSK-B.CO,OMX Copenhagen 25
ORSTED.CO,OMX Copenhagen 25
CARL-B.CO,OMX Copenhagen 25
COLO-B.CO,OMX Copenhagen 25
DANSKE.CO,OMX Copenhagen 25
GMAB.CO,OMX Copenhagen 25
PNDORA.CO,OMX Copenhagen 25
VWS.CO,OMX Copenhagen 25
DEMANT.CO,OMX Copenhagen 25
GN.CO,OMX Copenhagen 25
ROCK-B.CO,OMX Copenhagen 25
TRYG.CO,OMX Copenhagen 25
ZEAL.CO,OMX Copenhagen 25
ATCO-A.ST,OMX Stockholm 30
VOLV-B.ST,OMX Stockholm 30
INVE-B.ST,OMX Stockholm 30
ABB.ST,OMX Stockholm 30
ERIC-B.ST,OMX Stockholm 30
SAND.ST,OMX Stockholm 30
HEXA-B.ST,OMX Stockholm 30
ASSA-B.ST,OMX Stockholm 30
EPI-A.ST,OMX Stockholm 30
SEB-A.ST,OMX Stockholm 30
SHB-A.ST,OMX Stockholm 30
SWED-A.ST,OMX Stockholm 30
ESSITY-B.ST,OMX Stockholm 30
EVO.ST,OMX Stockholm 30
HM-B.ST,OMX Stockholm 30
ALFA.ST,OMX Stockholm 30
SKF-B.ST,OMX Stockholm 30
TEL2-B.ST,OMX Stockholm 30
TELIA.ST,OMX Stockholm 30
BOL.ST,OMX Stockholm 30
SAAB-B.ST,OMX Stockholm 30
INDU-C.ST,OMX Stockholm 30
LIFCO-B.ST,OMX Stockholm 30
NIBE-B.ST,OMX Stockholm 30
ADDT-B.ST,OMX Stockholm 30
SCA-B.ST,OMX Stockholm 30
GETI-B.ST,OMX Stockholm 30
NOKIA.HE,OMX Helsinki 25
NDA-FI.HE,OMX Helsinki 25
KNEBV.HE,OMX Helsinki 25
SAMPO.HE,OMX Helsinki 25
UPM.HE,OMX Helsinki 25
STERV.HE,OMX Helsinki 25
NESTE.HE,OMX Helsinki 25
FORTUM.HE,OMX Helsinki 25
WRT1V.HE,OMX Helsinki 25
ELISA.HE,OMX Helsinki 25
KESKOB.HE,OMX Helsinki 25
ORNBV.HE,OMX Helsinki 25
EQNR.OL,OBX
DNB.OL,OBX
TEL.OL,OBX
MOWI.OL,OBX
NHY.OL,OBX
ORK.OL,OBX
YAR.OL,OBX
AKRBP.OL,OBX
KOG.OL,OBX
GJF.OL,OBX
SALM.OL,OBX
SUBC.OL,OBX
ABI.BR,BEL 20
UCB.BR,BEL 20
KBC.BR,BEL 20
AGS.BR,BEL 20
ARGX.BR,BEL 20
SOLB.BR,BEL 20
ACKB.BR,BEL 20
GBLB.BR,BEL 20
SOF.BR,BEL 20
LOTB.BR,BEL 20
ELI.BR,BEL 20
SYENS.BR,BEL 20
UMI.BR,BEL 20
AED.BR,BEL 20
WDP.BR,BEL 20
DIE.BR,BEL 20
EDP.LS,PSI / ATX / ISEQ
GALP.LS,PSI / ATX / ISEQ
JMT.LS,PSI / ATX / ISEQ
EDPR.LS,PSI / ATX / ISEQ
EBS.VI,PSI / ATX / ISEQ
OMV.VI,PSI / ATX / ISEQ
VER.VI,PSI / ATX / ISEQ
KRZ.IR,PSI / ATX / ISEQ
RYA.IR,PSI / ATX / ISEQ
BIRG.IR,PSI / ATX / ISEQ
A5G.IR,PSI / ATX / ISEQ
7203.T,Nikkei 225 (large caps)
6758.T,Nikkei 225 (large caps)
8306.T,Nikkei 225 (large caps)
6861.T,Nikkei 225 (large caps)
9984.T,Nikkei 225 (large caps)
9983.T,Nikkei 225 (large caps)
8035.T,Nikkei 225 (large caps)
6501.T,Nikkei 225 (large caps)
9432.T,Nikkei 225 (large caps)
8316.T,Nikkei 225 (large caps)
4063.T,Nikkei 225 (large caps)
6098.T,Nikkei 225 (large caps)
7974.T,Nikkei 225 (large caps)
8058.T,Nikkei 225 (large caps)
8001.T,Nikkei 225 (large caps)
8031.T,Nikkei 225 (large caps)
4502.T,Nikkei 225 (large caps)
4568.T,Nikkei 225 (large caps)
6367.T,Nikkei 225 (large caps)
6902.T,Nikkei 225 (large caps)
7267.T,Nikkei 225 (large caps)
6954.T,Nikkei 225 (large caps)
9433.T,Nikkei 225 (large caps)
8766.T,Nikkei 225 (large caps)
8411.T,Nikkei 225 (large caps)
4519.T,Nikkei 225 (large caps)
6981.T,Nikkei 225 (large caps)
7741.T,Nikkei 225 (large caps)
6273.T,Nikkei 225 (large caps)
6594.T,Nikkei 225 (large caps)
4661.T,Nikkei 225 (large caps)
9434.T,Nikkei 225 (large caps)
6178.T,Nikkei 225 (large caps)
2914.T,Nikkei 225 (large caps)
3382.T,Nikkei 225 (large caps)
4901.T,Nikkei 225 (large caps)
7751.T,Nikkei 225 (large caps)
6702.T,Nikkei 225 (large caps)
6752.T,Nikkei 225 (large caps)
6503.T,Nikkei 225 (large caps)
7011.T,Nikkei 225 (large caps)
7012.T,Nikkei 225 (large caps)
8053.T,Nikkei 225 (large caps)
8002.T,Nikkei 225 (large caps)
5108.T,Nikkei 225 (large caps)
4543.T,Nikkei 225 (large caps)
4578.T,Nikkei 225 (large caps)
6723.T,Nikkei 225 (large caps)
6857.T,Nikkei 225 (large caps)
6146.T,Nikkei 225 (large caps)
7733.T,Nikkei 225 (large caps)
8591.T,Nikkei 225 (large caps)
8604.T,Nikkei 225 (large caps)
8725.T,Nikkei 225 (large caps)
8630.T,Nikkei 225 (large caps)
9020.T,Nikkei 225 (large caps)
9022.T,Nikkei 225 (large caps)
9101.T,Nikkei 225 (large caps)
9104.T,Nikkei 225 (large caps)
4452.T,Nikkei 225 (large caps)
2802.T,Nikkei 225 (large caps)
2502.T,Nikkei 225 (large caps)
2503.T,Nikkei 225 (large caps)
6301.T,Nikkei 225 (large caps)
6326.T,Nikkei 225 (large caps)
7201.T,Nikkei 225 (large caps)
7269.T,Nikkei 225 (large caps)
7270.T,Nikkei 225 (large caps)
4503.T,Nikkei 225 (large caps)
4507.T,Nikkei 225 (large caps)
8801.T,Nikkei 225 (large caps)
8802.T,Nikkei 225 (large caps)
1925.T,Nikkei 225 (large caps)
5401.T,Nikkei 225 (large caps)
4755.T,Nikkei 225 (large caps)
6201.T,Nikkei 225 (large caps)
3659.T,Nikkei 225 (large caps)
9697.T,Nikkei 225 (large caps)
7832.T,Nikkei 225 (large caps)
4689.T,Nikkei 225 (large caps)
6762.T,Nikkei 225 (large caps)
7735.T,Nikkei 225 (large caps)
6920.T,Nikkei 225 (large caps)
8015.T,Nikkei 225 (large caps)
4062.T,Nikkei 225 (large caps)
RY.TO,S&P/TSX 60
TD.TO,S&P/TSX 60
SHOP.TO,S&P/TSX 60
ENB.TO,S&P/TSX 60
CNQ.TO,S&P/TSX 60
CP.TO,S&P/TSX 60
CNR.TO,S&P/TSX 60
BMO.TO,S&P/TSX 60
BN.TO,S&P/TSX 60
BNS.TO,S&P/TSX 60
CM.TO,S&P/TSX 60
TRI.TO,S&P/TSX 60
ATD.TO,S&P/TSX 60
SU.TO,S&P/TSX 60
CSU.TO,S&P/TSX 60
WCN.TO,S&P/TSX 60
MFC.TO,S&P/TSX 60
TRP.TO,S&P/TSX 60
NA.TO,S&P/TSX 60
IFC.TO,S&P/TSX 60
SLF.TO,S&P/TSX 60
AEM.TO,S&P/TSX 60
ABX.TO,S&P/TSX 60
CVE.TO,S&P/TSX 60
FTS.TO,S&P/TSX 60
NTR.TO,S&P/TSX 60
BCE.TO,S&P/TSX 60
T.TO,S&P/TSX 60
RCI-B.TO,S&P/TSX 60
L.TO,S&P/TSX 60
WPM.TO,S&P/TSX 60
FNV.TO,S&P/TSX 60
DOL.TO,S&P/TSX 60
GIB-A.TO,S&P/TSX 60
QSR.TO,S&P/TSX 60
TOU.TO,S&P/TSX 60
IMO.TO,S&P/TSX 60
PPL.TO,S&P/TSX 60
POW.TO,S&P/TSX 60
GWO.TO,S&P/TSX 60
WSP.TO,S&P/TSX 60
CCO.TO,S&P/TSX 60
TECK-B.TO,S&P/TSX 60
SAP.TO,S&P/TSX 60
MRU.TO,S&P/TSX 60
EMA.TO,S&P/TSX 60
H.TO,S&P/TSX 60
K.TO,S&P/TSX 60
OTEX.TO,S&P/TSX 60
CTC-A.TO,S&P/TSX 60
WN.TO,S&P/TSX 60
FM.TO,S&P/TSX 60
CAE.TO,S&P/TSX 60
CCL-B.TO,S&P/TSX 60
BAM.TO,S&P/TSX 60
AQN.TO,S&P/TSX 60
TFII.TO,S&P/TSX 60
STN.TO,S&P/TSX 60
X.TO,S&P/TSX 60
KXS.TO,S&P/TSX 60
DSG.TO,S&P/TSX 60
IVN.TO,S&P/TSX 60
CLS.TO,S&P/TSX 60
GFL.TO,S&P/TSX 60
ARX.TO,S&P/TSX 60
TIH.TO,S&P/TSX 60
BHP.AX,S&P/ASX 50
CBA.AX,S&P/ASX 50
CSL.AX,S&P/ASX 50
NAB.AX,S&P/ASX 50
WBC.AX,S&P/ASX 50
ANZ.AX,S&P/ASX 50
MQG.AX,S&P/ASX 50
WES.AX,S&P/ASX 50
GMG.AX,S&P/ASX 50
FMG.AX,S&P/ASX 50
WDS.AX,S&P/ASX 50
TLS.AX,S&P/ASX 50
RIO.AX,S&P/ASX 50
WOW.AX,S&P/ASX 50
TCL.AX,S&P/ASX 50
ALL.AX,S&P/ASX 50
QBE.AX,S&P/ASX 50
COL.AX,S&P/ASX 50
SUN.AX,S&P/ASX 50
REA.AX,S&P/ASX 50
XRO.AX,S&P/ASX 50
WTC.AX,S&P/ASX 50
RMD.AX,S&P/ASX 50
STO.AX,S&P/ASX 50
NST.AX,S&P/ASX 50
JHX.AX,S&P/ASX 50
SHL.AX,S&P/ASX 50
COH.AX,S&P/ASX 50
BXB.AX,S&P/ASX 50
IAG.AX,S&P/ASX 50
ORG.AX,S&P/ASX 50
CPU.AX,S&P/ASX 50
S32.AX,S&P/ASX 50
MIN.AX,S&P/ASX 50
PLS.AX,S&P/ASX 50
EVN.AX,S&P/ASX 50
SCG.AX,S&P/ASX 50
ASX.AX,S&P/ASX 50
AMC.AX,S&P/ASX 50
TWE.AX,S&P/ASX 50
CAR.AX,S&P/ASX 50
SGP.AX,S&P/ASX 50
APA.AX,S&P/ASX 50
QAN.AX,S&P/ASX 50
MPL.AX,S&P/ASX 50
PME.AX,S&P/ASX 50
NXT.AX,S&P/ASX 50
SOL.AX,S&P/ASX 50
LYC.AX,S&P/ASX 50
TNE.AX,S&P/ASX 50
WOR.AX,S&P/ASX 50
IGO.AX,S&P/ASX 50
AGL.AX,S&P/ASX 50
ORI.AX,S&P/ASX 50
JBH.AX,S&P/ASX 50
SEK.AX,S&P/ASX 50
HVN.AX,S&P/ASX 50
DXS.AX,S&P/ASX 50
VCX.AX,S&P/ASX 50
MGR.AX,S&P/ASX 50
0700.HK,Hang Seng
9988.HK,Hang Seng
1299.HK,Hang Seng
0005.HK,Hang Seng
0941.HK,Hang Seng
3690.HK,Hang Seng
1810.HK,Hang Seng
0388.HK,Hang Seng
2318.HK,Hang Seng
1398.HK,Hang Seng
0939.HK,Hang Seng
3988.HK,Hang Seng
0883.HK,Hang Seng
9618.HK,Hang Seng
9999.HK,Hang Seng
1211.HK,Hang Seng
0016.HK,Hang Seng
0001.HK,Hang Seng
0002.HK,Hang Seng
0003.HK,Hang Seng
0027.HK,Hang Seng
0066.HK,Hang Seng
0011.HK,Hang Seng
2388.HK,Hang Seng
0762.HK,Hang Seng
0857.HK,Hang Seng
2020.HK,Hang Seng
9888.HK,Hang Seng
1024.HK,Hang Seng
0669.HK,Hang Seng
2269.HK,Hang Seng
1876.HK,Hang Seng
0823.HK,Hang Seng
0288.HK,Hang Seng
D05.SI,STI
O39.SI,STI
U11.SI,STI
Z74.SI,STI
C6L.SI,STI
S68.SI,STI
BN4.SI,STI
C38U.SI,STI
